iter	RMSE
0	1.045138575
1	1.034416439
2	1.013558532
3	1.000197456
4	0.9911110466
5	0.97861696
