{
  "XGBoost": {
    "stock_code_encoded": 0.008583257719051803,
    "unit_price": 0.011593044848649576,
    "lag_1": 0.009673264848378806,
    "lag_7": 0.007541951677224075,
    "lag_14": 0.007466495820141284,
    "lag_28": 0.007630697838479329,
    "rolling_mean_7": 0.010979137826452488,
    "rolling_std_7": 0.009174693937764045,
    "rolling_mean_14": 0.017366986367557076,
    "rolling_std_14": 0.010194850399296235,
    "rolling_mean_28": 0.16306824869335246,
    "rolling_std_28": 0.018449902265150343,
    "day_of_week": 0.023634061763469993,
    "month": 0.011567034101215595,
    "quarter": 0.009260283843622616,
    "is_weekend": 0.09112617800968549,
    "is_month_end": 0.010620147472943884,
    "day_of_year": 0.0140896321908754,
    "stock_code_target_encoded": 0.5579801303766895
  },
  "LightGBM": {
    "stock_code_encoded": 0.024334016393442622,
    "unit_price": 0.12961065573770492,
    "lag_1": 0.029969262295081966,
    "lag_7": 0.009477459016393443,
    "lag_14": 0.007684426229508197,
    "lag_28": 0.015881147540983607,
    "rolling_mean_7": 0.03201844262295082,
    "rolling_std_7": 0.02305327868852459,
    "rolling_mean_14": 0.06864754098360656,
    "rolling_std_14": 0.044825819672131145,
    "rolling_mean_28": 0.06557377049180328,
    "rolling_std_28": 0.05635245901639344,
    "day_of_week": 0.12423155737704918,
    "month": 0.027663934426229508,
    "quarter": 0.0005122950819672131,
    "is_weekend": 0.018442622950819672,
    "is_month_end": 0.0005122950819672131,
    "day_of_year": 0.13729508196721313,
    "stock_code_target_encoded": 0.1839139344262295
  },
  "LightGBM + XGBoost Ensemble": {
    "stock_code_encoded": 0.016458637056247213,
    "unit_price": 0.07060185029317724,
    "lag_1": 0.019821263571730384,
    "lag_7": 0.008509705346808758,
    "lag_14": 0.00757546102482474,
    "lag_28": 0.011755922689731468,
    "rolling_mean_7": 0.021498790224701653,
    "rolling_std_7": 0.01611398631314432,
    "rolling_mean_14": 0.04300726367558182,
    "rolling_std_14": 0.02751033503571369,
    "rolling_mean_28": 0.11432100959257788,
    "rolling_std_28": 0.03740118064077189,
    "day_of_week": 0.07393280957025958,
    "month": 0.019615484263722553,
    "quarter": 0.004886289462794915,
    "is_weekend": 0.054784400480252585,
    "is_month_end": 0.005566221277455549,
    "day_of_year": 0.07569235707904426,
    "stock_code_target_encoded": 0.3709470324014595
  }
}